{
    "title": "龙管家APP",
    "author": "xgh",
    "description": "关于龙管家APP常见问题",
    "language": "zh-hans",
    "plugins": [
        "-sharing",
        "splitter",
        "expandable-chapters-small",
        "anchors",
        "anchor-navigation-ex",
	"-lunr",
	"-search",
	"search-plus",
	"code",
	"copy-code-button",
	"todo",
	"emphasize",
	"lightbox"
    ],
    "pluginsConfig": {
        "anchor-navigation-ex": {
            "showLevel": false
        }
    },
    "styles": {
        "website": "styles/website.css"
    }
}